DATE,cpi,ppi,eff,sentiement,nonfarm,ism,spx,gold,usoil,us10y,us2y,yc,label
1/31/89,121.2,110.5,9.14,97.9,107161,54.7,296.84,393.1000061,17.73,8.98799992,9.11299992,-0.125,0
2/28/89,121.6,110.8,9.87,95.4,107427,54.1,289.95,386.6000061,18.72,9.31799984,9.53199959,-0.21399975,0
3/31/89,122.2,111.5,9.79,94.3,107621,51.5,292.52,385.1000061,20.81,9.33399963,9.80300045,-0.46900082,0
4/30/89,123.1,112.3,9.82,91.5,107791,52.2,307.77,377,20.58,9.06200027,9.21399975,-0.15199948,0
5/31/89,123.7,113.2,10.48,90.7,107913,49.3,321.97,368.6000061,19.81,8.60299969,8.81900024,-0.21600055,0
6/30/89,124.1,112.9,9.63,90.6,108027,47.3,319.68,374,20.26,8.11400032,8.13799953,-0.02399921,0
7/31/89,124.5,112.8,8.94,92,108069,45.9,344.74,367.7999878,18.21,7.78999996,7.52600002,0.26399994,0
8/31/89,124.5,112,8.92,89.6,108120,45.1,351.45,360.6000061,18.83,8.25599957,8.40600014,-0.15000057,0
9/30/89,124.8,112.4,9.24,95.8,108369,46,348.6,367.2000122,19.86,8.29399967,8.40999985,-0.11600018,0
10/31/89,125.4,112.8,8.89,93.9,108476,46.8,338.48,378.5,20.01,7.92299986,7.81400013,0.10899973,0
11/30/89,125.9,112.7,8.6,90.9,108752,46.8,345.99,413.6000061,19.89,7.83799982,7.78000021,0.05799961,0
12/31/89,126.3,113,7.97,90.5,108836,47.4,355.66,406.2999878,23.41,7.90500021,7.91900015,-0.01399994,0
1/31/90,127.5,114.9,8.26,93,109199,47.2,328.79,418.2000122,22.7,8.41800022,8.28899956,0.12900066,0
2/28/90,128,114.4,8.29,89.5,109435,49.1,332.74,403,21.17,8.52700043,8.43000031,0.09700012,0
3/31/90,128.6,114.2,8.3,91.3,109644,49.9,340.79,370.2000122,20.05,8.62100029,8.61900043,0.00199986,0
4/30/90,128.9,114.1,8.23,93.9,109686,50,335.57,370.8999939,17.99,9.01799965,8.95300007,0.06499958,0
5/31/90,129.1,114.6,8.23,90.6,109839,49.5,361.23,359.2000122,17.4,8.61800003,8.47999954,0.13800049,0
6/30/90,129.9,114.3,8.32,88.3,109856,49.2,357.63,357.8999939,17.15,8.45600033,8.3579998,0.09800053,0
7/31/90,130.5,114.5,8.05,88.2,109824,46.6,351.48,377.3999939,23.11,8.3920002,8.12100029,0.27099991,1
8/31/90,131.6,116.5,8.06,76.4,109616,46.1,318.71,382.2999878,26.77,8.85900021,8.19099998,0.66800023,1
9/30/90,132.5,118.4,8.03,72.8,109518,44.5,312.69,393.6000061,36.93,8.65200043,7.85599995,0.79600048,1
10/31/90,133.4,120.8,9.52,63.9,109367,43.2,307.02,376.3999939,35.17,8.55500031,7.66400003,0.89100028,1
11/30/90,133.7,120.1,7.61,66,109214,41.3,316.42,383.2999878,32.91,8.34500027,7.55000019,0.79500008,1
12/31/90,134.2,118.7,5.53,65.5,109166,40.8,321.91,384.8999939,25.48,7.93300009,7.08699989,0.8460002,1
1/31/91,134.7,119,8.18,66.8,109055,39.2,343.93,366.1000061,21.54,8.02099991,7.05900002,0.96199989,1
2/28/91,134.8,117.2,6.99,70.4,108734,39.4,367.07,367,19.16,8.04500008,7.07399988,0.9710002,1
3/31/91,134.8,116.2,5.53,87.7,108574,40.7,379.77,359.7999878,19.98,8.00800037,6.95300007,1.0550003,1
4/30/91,135.1,116,5.98,81.8,108364,42.8,380.52,353.8999939,21.17,7.94700003,6.76100016,1.18599987,0
5/31/91,135.6,116.5,5.92,78.3,108249,44.5,386.96,361.3999939,21.32,8.02200031,6.61399984,1.40800047,0
6/30/91,136,116.4,6.74,82.1,108334,50.3,373.33,370.2000122,20.67,8.2510004,6.97300005,1.27800035,0
7/31/91,136.2,116.1,5.85,82.9,108292,50.6,387.12,355.6000061,21.27,8.1619997,6.81500006,1.34699964,0
8/31/91,136.6,116.2,5.5,82,108310,52.9,396.47,348.1000061,21.97,7.7420001,6.25699997,1.48500013,0
9/30/91,137,116.1,5.6,83,108336,54.9,384.47,358,22.67,7.46099997,5.95599985,1.50500012,0
10/31/91,137.2,116.4,5.23,78.3,108357,53.1,392.45,355.6000061,23.37,7.42199993,5.68100023,1.7409997,0
11/30/91,137.8,116.4,4.86,69.1,108296,49.5,376.55,367.8999939,21.35,7.41400003,5.43300009,1.98099994,0
12/31/91,138.2,115.9,4.09,68.2,108328,46.8,417.26,353,19.49,6.77699995,4.75,2.02699995,0
1/31/92,138.3,115.6,4.4,67.5,108369,47.3,411.62,357,18.94,7.30299997,5.17500019,2.12799978,0
2/29/92,138.6,116,4.13,68.8,108311,52.7,413.86,352.7000122,18.75,7.329,5.33300018,1.99599982,0
3/31/92,139.1,116.1,4.07,76,108365,54.6,400.5,341.2000122,19.8,7.44500017,5.48999977,1.9550004,0
4/30/92,139.4,116.3,3.85,77.2,108519,52.6,414.95,338.5,20.85,7.58300018,5.30800009,2.27500009,0
5/31/92,139.7,117.2,3.8,79.2,108649,55.7,413.26,338.7000122,22.48,7.33300018,5.15799999,2.17500019,0
6/30/92,140.1,118,4.53,80.4,108715,53.6,411.77,346.5,22.1,6.921,4.81699991,2.10400009,0
7/31/92,140.5,117.9,3.37,76.6,108793,53.9,423.92,357.3999939,21.83,6.65799999,4.31599998,2.34200001,0
8/31/92,140.8,117.7,3.51,76.1,108925,53.4,417.98,341.2999878,21.67,6.52799988,4.08500004,2.44299984,0
9/30/92,141.1,118,4.47,75.6,108959,49.7,416.29,347.7999878,21.83,6.24100018,3.68799996,2.55300022,0
10/31/92,141.7,118.1,3.04,73.3,109139,50.3,420.86,339.3999939,20.71,6.67199993,4.33300018,2.33899975,0
11/30/92,142.1,117.8,3.45,85.3,109272,53.6,429.91,335.7000122,19.08,6.87300014,4.76599979,2.10700035,0
12/31/92,142.3,117.6,2.66,91,109495,54.2,435.71,332.7999878,19.5,6.69000006,4.40899992,2.28100014,0
1/31/93,142.8,118,3.02,89.3,109794,55.8,449.56,328.7000122,20.3,6.37200022,4.171,2.20100022,0
2/28/93,143.1,118.4,3.18,86.6,110044,55.2,447.34,329.7999878,21.07,5.81899977,3.727,2.09199977,0
3/31/93,143.3,118.7,3.83,85.9,109994,53.5,450.3,340.8999939,20.52,6.02400017,3.94099998,2.08300019,0
4/30/93,143.8,119.3,3.01,85.6,110296,50.2,438.89,356.5,20.58,5.96299982,3.77699995,2.18599987,0
5/31/93,144.2,119.7,3.02,80.3,110568,51.2,452.5,376.7999878,19.74,6.00600004,4.125,1.88100004,0
6/30/93,144.3,119.5,3.92,81.5,110749,49.6,449.02,385.8999939,18.45,5.78000021,3.977,1.80300021,0
7/31/93,144.5,119.2,3.07,77,111055,50.2,450.24,407,18.12,5.78700018,4.11399984,1.67300034,0
8/31/93,144.8,118.7,3.19,77.3,111206,50.7,461.3,364.5,17.97,5.40500021,3.80900002,1.59600019,0
9/30/93,145,118.7,3.99,77.9,111448,50.8,458.93,355,18.79,5.37400007,3.875,1.49900007,0
10/31/93,145.6,119.1,3.03,82.7,111733,53.4,457.49,377,17.4,5.69000006,4.15600014,1.53399992,0
11/30/93,146,119,3.16,81.2,111984,53.8,463.11,376.7999878,14.95,5.79099989,4.20900011,1.58199978,0
12/31/93,146.3,118.6,2.85,88.2,112314,55.6,468.64,390.7999878,14.17,5.78700018,4.2420001,1.54500008,0
1/31/94,146.3,119.1,3.68,94.3,112595,56,480.71,386.6000061,15.89,5.77099991,4.28100014,1.48999977,0
2/28/94,146.7,119.3,3.49,93.2,112781,56.5,463.01,377.6000061,14.75,6.34100008,4.80800009,1.53299999,0
3/31/94,147.1,119.7,4.18,91.5,113242,56.9,445.77,391.7999878,14.79,6.73799992,5.19199991,1.54600001,0
4/30/94,147.2,119.7,3.73,92.6,113586,57.4,449.1,376.6000061,16.57,6.99700022,5.80800009,1.18900013,0
5/31/94,147.5,119.9,4.6,92.8,113921,58.2,457.65,380.7000122,18.23,7.0630002,5.90799999,1.15500021,0
6/30/94,147.9,120.5,5.96,91.2,114238,58.8,444.27,386.7000122,19.37,7.32499981,6.18499994,1.13999987,0
7/31/94,148.4,120.7,4.29,89,114610,58.5,458.4,377.2999878,20.14,7.11299992,5.97200012,1.1409998,0
8/31/94,149,121.2,4.7,91.7,114896,58,473.17,387.1000061,17.47,7.17399979,6.13199997,1.04199982,0
9/30/94,149.3,121,5.44,91.5,115247,59,462.24,394.2000122,17.98,7.62200022,6.58500004,1.03700018,0
10/31/94,149.4,120.9,4.9,92.7,115458,59.4,467.91,383.5,18.9,7.96000004,6.97700024,0.9829998,0
11/30/94,149.8,121.5,5.66,91.6,115869,59.2,448.92,375.5,17.82,7.9289999,7.45499992,0.47399998,0
12/31/94,150.1,121.9,4.94,95.1,116165,56.1,461.17,383.1000061,17.72,7.79899979,7.67199993,0.12699986,0
1/31/95,150.5,122.9,5.86,97.6,116501,57.4,472.79,376.7999878,18.54,7.66499996,7.36199999,0.30299997,0
2/28/95,150.9,123.5,6.1,95.1,116697,55.1,485.13,376.5,18.35,7.28900003,6.85699987,0.43200016,0
3/31/95,151.2,123.9,6.3,90.3,116907,52.1,502.22,392.2000122,19.15,7.15999985,6.74399996,0.41599989,0
4/30/95,151.8,124.6,6.06,92.5,117069,51.5,520.54,391.2000122,20.29,6.85900021,6.38899994,0.47000027,0
5/31/95,152.1,124.9,6.17,89.8,117049,46.7,533.49,384.7000122,18.9,6.20200014,5.73799992,0.46400022,0
6/30/95,152.4,125.3,6.11,92.7,117286,45.9,543.87,384.8999939,17.56,6.24599981,5.86000013,0.38599968,0
7/31/95,152.6,125.3,5.97,94.4,117380,50.7,558.75,383.2999878,17.72,6.52400017,5.94199991,0.58200026,0
8/31/95,152.9,125.1,5.93,96.2,117634,47.1,561.88,380.8999939,17.84,6.28599977,5.86499977,0.421,0
9/30/95,153.1,125.2,6.2,88.9,117875,48.1,585.87,383.7999878,17.76,6.2670002,5.91800022,0.34899998,0
10/31/95,153.5,125.3,5.97,90.2,118031,46.7,589.72,382.3999939,17.98,5.89499998,5.45699978,0.4380002,0
11/30/95,153.7,125.4,6.11,88.2,118175,45.9,605.37,386.1000061,18.18,5.74499989,5.3579998,0.38700009,0
12/31/95,153.9,125.7,4.73,91,118320,46.2,617.7,395.7999878,19.91,5.64400005,5.19899988,0.44500017,0
1/31/96,154.7,126.3,5.71,89.3,118316,45.5,638.46,414.7000122,17.71,5.60099983,4.91699982,0.68400001,0
2/29/96,155,126.2,6.05,88.5,118739,45.9,640.43,398.8999939,19.54,6.10300016,5.42600012,0.67700004,0
3/31/96,155.5,126.4,5.25,93.7,118993,46.9,655.86,395,22.75,6.34899998,5.84600019,0.50299979,0
4/30/96,156.1,127.4,5.5,92.7,119158,49.3,643.38,392.5,20.86,6.86100006,6.1960001,0.66499996,0
5/31/96,156.4,128.1,5.31,89.4,119486,49.1,671.7,390.8999939,19.94,6.79099989,6.18499994,0.60599995,0
6/30/96,156.7,128,5,92.4,119769,53.6,672.4,381.5,21.21,6.77199984,6.18100023,0.59099961,0
7/31/96,157,128,6.75,94.7,120015,49.7,650.02,387.6000061,21.04,6.64300013,6.08099985,0.56200028,0
8/31/96,157.2,128.3,5.28,95.3,120199,51.6,657.4,386.8999939,22.15,6.85300016,6.24300003,0.61000013,0
9/30/96,157.7,128.2,6.09,94.7,120410,51.1,692.78,380.2000122,24.81,6.59899998,5.99900007,0.59999991,0
10/31/96,158.2,128,5.63,96.5,120665,50.5,705.27,378.2999878,23.35,6.34100008,5.75699997,0.58400011,0
11/30/96,158.7,128.2,5.44,99.2,120961,53,755,373,23.75,6.12400007,5.65799999,0.46600008,0
12/31/96,159.1,129.1,6.26,96.9,121143,55.2,737.01,361.1000061,25.69,6.51599979,5.95200014,0.56399965,0
1/31/97,159.4,129.7,5.37,97.4,121363,53.8,784.17,344.8999939,24.87,6.58599997,6.01000023,0.57599974,0
2/28/97,159.7,128.5,5.5,99.7,121675,53.1,795.07,359.5,20.89,6.55600023,6.07700014,0.47900009,0
3/31/97,159.8,127.3,7.07,100,121990,53.8,750.32,348.7999878,19.47,6.85699987,6.38500023,0.47199964,0
4/30/97,159.9,127,5.82,101.4,122286,53.7,798.53,340.2999878,19.91,6.67500019,6.25600004,0.41900015,0
5/31/97,159.9,127.4,5.58,103.2,122546,56.1,844.08,344.7999878,20.97,6.74700022,6.30100012,0.4460001,0
6/30/97,160.2,127.2,6.87,104.5,122814,54.9,916.92,324.2000122,19.56,6.30499983,5.93100023,0.3739996,0
7/31/97,160.4,126.9,5.96,107.1,123111,57.7,954.29,324.7000122,20.14,6.01300001,5.74100018,0.27199983,0
8/31/97,160.8,127.2,5.52,104.4,123093,56.3,930.87,322.25,19.4,6.33400011,5.97599983,0.35800028,0
9/30/97,161.2,127.5,5.81,106,123585,53.9,960.46,328,21.77,6.00099993,5.7329998,0.26800013,0
10/31/97,161.5,127.8,5.56,105.6,123929,56.4,903.68,325.6,21.22,5.81899977,5.59200001,0.22699976,0
11/30/97,161.7,127.9,5.5,107.2,124235,55.7,973.1,306.5,18.6,5.84600019,5.70900011,0.13700008,0
12/31/97,161.8,126.8,5.84,102.1,124549,54.5,970.43,296.2,17.64,5.74399996,5.65799999,0.08599997,0
1/31/98,162,125.4,5.48,106.6,124812,53.8,985.49,292.3,17.82,5.56599998,5.34200001,0.22399997,0
2/28/98,162,125,5.57,110.4,125016,52.9,1048.67,291.8,15.35,5.65700006,5.58400011,0.07299995,0
3/31/98,162,124.7,5.88,106.5,125164,52.9,1120.01,308,15.74,5.54899979,5.51599979,0.033,0
4/30/98,162.2,124.9,5.59,108.7,125442,52.2,1111.75,310.4,15.39,5.82000017,5.70900011,0.11100006,0
5/31/98,162.6,125.1,5.63,106.5,125844,50.9,1094.83,292.9,15.12,5.59100008,5.56699991,0.02400017,0
6/30/98,162.8,124.8,7.06,105.6,126076,48.9,1146.42,293.6,14.5,5.41699982,5.44199991,-0.02500009,0
7/31/98,163.2,124.9,5.63,105.2,126205,49.2,1142.95,293.9,14.21,5.50299978,5.4920001,0.01099968,0
8/31/98,163.4,124.2,5.89,104.4,126544,49.3,982.26,274.1,14.67,5.02799988,4.90799999,0.11999989,0
9/30/98,163.5,123.8,6.14,100.9,126752,48.7,986.39,289.5,15.43,4.28900003,4.15399981,0.13500022,0
10/31/98,163.9,124,5.35,97.4,126954,48.7,1085.93,293.4,14.24,4.49900007,4,0.49900007,0
11/30/98,164.1,123.6,5.11,102.7,127231,48.2,1150.14,292.1,11.19,4.54500008,4.30999994,0.23500014,0
12/31/98,164.4,122.8,4.07,100.5,127596,46.8,1229.23,288,12.05,4.65799999,4.54199982,0.11600017,0
1/31/99,164.7,122.9,4.79,103.9,127702,50.6,1248.49,288.3,12.02,4.875,4.7670002,0.1079998,0
2/28/99,164.7,122.3,4.84,108.1,128120,51.7,1246.64,288.2,13.35,5.41900015,5.20100021,0.21799994,0
3/31/99,164.8,122.6,4.98,105.7,128227,52.4,1293.72,280.2,16.64,5.27600002,5.0079999,0.26800012,0
4/30/99,165.9,123.6,5.03,104.6,128597,52.3,1342.83,286.3,18.53,5.21600008,4.96700001,0.24900007,0
5/31/99,166,124.7,4.61,106.8,128808,54.3,1299.54,265,16.74,5.80499983,5.53599977,0.26900006,0
6/30/99,166,125.2,5.12,107.3,129089,55.8,1380.96,263.1,19.39,5.84000015,5.58199978,0.25800037,0
7/31/99,166.7,125.7,5.07,106,129414,53.6,1341.03,255.7,20.97,5.87599993,5.5999999,0.27600003,0
8/31/99,167.1,126.9,5.57,104.5,129569,54.8,1319.11,254,21.49,6.0079999,5.73500013,0.27299977,0
9/30/99,167.8,128,5.51,107.2,129772,57,1282.71,307.3,24.51,5.88100004,5.59100008,0.28999996,0
10/31/99,168.1,127.7,5.27,103.2,130177,57.2,1362.64,289.5,23.14,5.95599985,5.71899986,0.23699999,0
11/30/99,168.4,128.3,5.63,107.2,130466,58.1,1409.04,279.3,25.82,6.2329998,6.05999994,0.17299986,0
12/31/99,168.8,127.8,3.99,105.4,130772,57.8,1464.47,287.5,25.6,6.36800003,6.15899992,0.20900011,0
1/31/00,169.3,128.3,5.87,112,131005,56.7,1424.97,309.8,28.03,6.44799995,6.52699995,-0.079,0
2/29/00,170,129.8,5.85,111.3,131124,55.8,1381.76,288,31.69,6.38800001,6.53399992,-0.14599991,0
3/31/00,171,130.8,6.17,107.1,131596,54.9,1487.92,278.4,26.7,6.04799986,6.4829998,-0.43499994,0
4/30/00,170.9,130.7,6.06,109.2,131888,54.7,1409.57,278.7,26.98,6.4289999,6.78399992,-0.35500002,0
5/31/00,171.2,131.6,6.83,110.7,132105,53.2,1448.81,280.9,30.14,6.1880002,6.59499979,-0.40699959,0
6/30/00,172.2,133.8,6.86,106.4,132061,51.4,1442.39,288.6,32.72,6.03599977,6.36199999,-0.32600022,0
7/31/00,172.7,133.7,6.64,108.3,132236,52.5,1452.56,273,28.66,5.95699978,6.24499989,-0.28800011,0
8/31/00,172.7,132.9,6.65,107.3,132230,49.9,1517.68,276.5,33.12,5.72900009,6.19199991,-0.46299982,0
9/30/00,173.6,134.7,6.6,106.8,132353,49.7,1458.29,274,30.34,5.82499981,6.0079999,-0.18300009,0
10/31/00,173.9,135.4,6.59,105.8,132351,48.7,1428.32,264.95,32.54,5.7420001,5.86299992,-0.12099982,0
11/30/00,174.2,135,6.62,107.6,132556,48.5,1314.95,269.15,33.82,5.47800016,5.65799999,-0.17999983,0
12/31/00,174.6,136.2,5.41,98.4,132709,43.9,1333.34,267.8,28.14,5.04300022,4.80800009,0.23500013,0
1/31/01,175.6,140,5.74,94.7,132698,42.3,1373.47,267.2,29.82,5.08799982,4.55900002,0.5289998,0
2/28/01,176,137.4,5.59,90.6,132789,42.1,1241.23,262.6,27.62,4.88399982,4.41400003,0.46999979,0
3/31/01,176.1,135.9,5.29,91.5,132747,43.1,1147.95,257.7,26.32,4.99900007,4.3039999,0.69500017,1
4/30/01,176.4,136.4,4.67,88.4,132463,42.7,1248.58,265.9,28.45,5.21500015,4.23099995,0.9840002,1
5/31/01,177.3,136.8,4.24,92,132410,41.3,1255.82,266.8,28.37,5.38500023,4.21700001,1.16800022,1
6/30/01,177.7,135.5,3.95,92.6,132299,43.2,1226.2,270.6,25.56,5.34100008,4.23799992,1.10300016,1
7/31/01,177.4,133.4,3.82,92.4,132177,43.5,1220.75,268.3,27.71,5.14599991,3.89100003,1.25499988,1
8/31/01,177.4,133.4,3.66,91.5,132028,46.3,1129.03,274.2,26.55,4.8119998,2.5999999,2.2119999,1
9/30/01,178.1,133.3,2.75,81.8,131771,46.2,1069.62,290.7,22.63,4.50400019,2.73799992,1.76600027,1
10/31/01,177.6,130.3,2.66,82.7,131454,40.8,1084.1,279.7,20.39,4.23600006,2.49099994,1.74500012,1
11/30/01,177.5,129.8,2.06,83.9,131142,44.1,1140.2,274.15,18.62,4.76499987,2.86999989,1.89499998,1
12/31/01,177.4,128.1,1.52,88.8,130982,45.3,1165.27,278.7,20.37,5.11100006,3.16799998,1.94300008,0
1/31/02,177.7,128.5,1.85,93,130852,47.5,1130.2,286,19.48,5.046,3.19499993,1.85100007,0
2/28/02,178,128.4,1.83,90.7,130736,50.7,1106.73,297.9,21.74,4.87400007,3.04900002,1.82500005,0
3/31/02,178.5,129.8,1.74,95.7,130717,52.4,1126.34,299.8,26.58,5.26000023,3.54500008,1.71500015,0
4/30/02,179.3,130.8,1.82,93,130623,52.4,1084.56,311.7,26.24,5.09600019,3.22199988,1.87400031,0
5/31/02,179.5,130.8,1.79,96.9,130634,53.1,1064.66,326.2,24.67,5.02600002,3.15899992,1.8670001,0
6/30/02,179.6,130.9,1.73,92.4,130684,53.6,953.99,311.3,26.8,4.7579999,2.77699995,1.98099995,0
7/31/02,180,131.2,1.76,88.1,130590,50.2,884.66,307.1,26.47,4.39300013,2.12100005,2.27200008,0
8/31/02,180.5,131.5,1.81,87.6,130587,50.3,917.8,312.5,28.92,4.1420002,2.14400005,1.99800015,0
9/30/02,180.8,132.3,1.85,86.1,130501,50.5,818.95,322,29.76,3.68799996,1.79499996,1.893,0
10/31/02,181.2,133.2,1.82,80.6,130628,49,885.76,320.1,27.22,3.89499998,1.75600004,2.13899994,0
11/30/02,181.5,133.1,1.23,84.2,130615,48.5,938.87,317.9,26.89,4.25699997,2.12599993,2.13100004,0
12/31/02,181.8,132.9,1.16,86.7,130472,51.6,909.03,351,31.85,4.03100014,1.778,2.25300014,0
1/31/03,182.6,135.3,1.33,82.4,130580,51.3,844.61,367.9,33.85,3.97099996,1.745,2.22599996,0
2/28/03,183.6,137.6,1.33,79.9,130444,48.8,837.28,349.7,37.2,3.73900008,1.58000004,2.15900004,0
3/31/03,183.9,141.2,1.38,77.6,130232,46.3,876.45,325.3,28.97,3.91300011,1.54499996,2.36800015,0
4/30/03,183.2,136.8,1.31,86,130177,46.1,916.3,340.7,26.03,3.84299994,1.49699998,2.34599996,0
5/31/03,182.9,136.7,1.28,92.1,130196,49,949.64,364.2,29.1,3.33699989,1.28600001,2.05099988,0
6/30/03,183.1,138,1.45,89.7,130194,49,985.7,350.6,30.42,3.65499997,1.30299997,2.352,0
7/31/03,183.7,137.7,1.04,90.9,130191,51,990.31,346,30.54,4.40999985,1.75600004,2.65399981,0
8/31/03,184.5,138,1.01,89.3,130149,53.2,1027.97,376.9,28.98,4.51000023,1.903,2.60700023,0
9/30/03,185.1,138.5,1.17,87.7,130254,52.4,1020.24,369.3,29.84,3.99600005,1.47300005,2.523,0
10/31/03,184.9,139.3,1.03,89.6,130454,55.2,1046.94,384,28.47,4.34800005,1.86500001,2.48300004,0
11/30/03,185,138.9,1.01,93.7,130474,58.4,1069.72,406.1,31.26,4.3670001,2.05200005,2.31500005,0
12/31/03,185.5,139.5,0.94,92.6,130588,60.1,1111.92,415.6,32.52,4.25299978,1.83700001,2.41599977,0
1/31/04,186.3,141.4,1.03,103.8,130769,60.8,1134.11,402.4,32.81,4.18300009,1.66100001,2.52200008,0
2/29/04,186.7,142.1,1.04,94.4,130825,59.9,1154.88,401,36.64,4.02299976,1.70299995,2.31999981,0
3/31/04,187.1,143.1,1.05,95.8,131142,60.6,1132.17,420.5,34.27,3.8900001,1.56799996,2.32200014,0
4/30/04,187.4,144.8,1.03,94.2,131411,60.6,1113.89,386.8,37.31,4.53999996,2.28200006,2.2579999,0
5/31/04,188.2,146.8,1.02,90.2,131694,61.4,1116.64,389.9,39.28,4.72200012,2.55900002,2.1630001,0
6/30/04,188.9,147.2,1.38,95.6,131793,60.5,1128.94,397.8,38.74,4.56899977,2.80100012,1.76799965,0
7/31/04,189.1,147.4,1.29,96.7,131848,59.9,1100.43,390.5,42.75,4.579,2.7579999,1.8210001,0
8/31/04,189.2,148,1.55,95.9,131937,58.5,1118.31,400.7,44.06,4.21700001,2.375,1.84200001,0
9/30/04,189.8,147.7,1.94,94.2,132093,57.4,1114.58,418.8,49.64,4.12300014,2.59299994,1.5300002,0
10/31/04,190.8,150,1.79,91.7,132447,56.3,1161.67,433.6,48.82,4.07700014,2.56500006,1.51200008,0
11/30/04,191.7,151.4,2.02,92.8,132503,56.2,1190.33,455.3,43.25,4.41599989,2.99300003,1.42299986,0
12/31/04,191.7,150.2,1.97,97.1,132624,57.2,1213.55,438,43.45,4.25899982,3.08500004,1.17399978,0
1/31/05,191.6,150.9,2.5,95.5,132774,56.8,1189.89,414.3,46.45,4.16900015,3.34599996,0.82300019,0
2/28/05,192.4,151.6,2.52,94.1,133032,55.5,1210.47,433.9,53.57,4.3829999,3.57599998,0.80699992,0
3/31/05,193.1,153.7,2.96,92.6,133156,55.2,1180.59,425.9,55.4,4.48799992,3.78299999,0.70499993,0
4/30/05,193.7,155,2.97,87.7,133518,52.2,1143.22,435,51.77,4.14799976,3.56800008,0.57999968,0
5/31/05,193.6,154.3,3.09,86.9,133690,50.8,1204.29,422.1,53.63,3.91300011,3.53699994,0.37600017,0
6/30/05,193.7,154.3,3.35,96,133942,52.4,1191.33,427.3,56.5,3.921,3.64499998,0.27600002,0
7/31/05,194.9,156.3,3.31,96.5,134296,52.8,1235.86,437.1,61.38,4.31599998,4.04400015,0.27199983,0
8/31/05,196.1,157.6,3.63,89.1,134498,52.4,1221.59,443.2,69.47,4.03499985,3.7249999,0.30999995,0
9/30/05,198.8,162.2,3.93,76.9,134566,56.8,1227.68,468.7,66.79,4.3039999,4.13600016,0.16799974,0
10/31/05,199.1,166.2,4.02,74.2,134655,57.2,1219.94,456.5,61.78,4.65299988,4.46999979,0.18300009,0
11/30/05,198.1,163.7,4.03,81.6,134993,56.7,1264.67,504.35,58.47,4.51900005,4.44000006,0.07899999,0
12/31/05,198.1,163,4.09,91.5,135149,55.1,1254.42,514.77,60.32,4.36000013,4.37699986,-0.01699973,0
1/31/06,199.3,164.3,4.47,91.2,135429,55,1270.84,566.95,64.68,4.5630002,4.59499979,-0.03199959,0
2/28/06,199.4,161.8,4.52,86.7,135737,55.8,1289.14,565.1,63.36,4.63199997,4.71999979,-0.08799982,0
3/31/06,199.7,162.2,5,88.9,136047,54.3,1300.25,583.2,67.15,4.86100006,4.84499979,0.01600027,0
4/30/06,200.7,164.3,4.86,87.4,136205,55.2,1312.25,682.35,69.94,5.16099977,4.97900009,0.18199968,0
5/31/06,201.3,165.8,5.05,79.1,136244,53.7,1285.71,637.7,70.34,5.10400009,5.02899981,0.07500028,0
6/30/06,201.8,166.1,5.05,84.9,136325,52,1272.87,614.05,73.52,5.19999981,5.1960001,0.00399971,0
7/31/06,202.9,166.8,5.31,84.7,136520,53,1280.27,645.7,75.46,4.96299982,4.99100018,-0.02800036,0
8/31/06,203.8,167.9,5.31,82,136694,53.7,1303.82,625.8,70.26,4.73199987,4.78800011,-0.05600024,0
9/30/06,202.8,165.4,5.34,85.4,136843,52.2,1339.15,597.8,62.76,4.61800003,4.66599989,-0.04799986,0
10/31/06,201.9,162.2,5.31,93.6,136852,51.4,1367.34,627.15,57.88,4.5999999,4.6789999,-0.079,0
11/30/06,202,164.6,5.31,92.1,137063,50.3,1400.63,645.4,63.13,4.46199989,4.62099981,-0.15899992,0
12/31/06,203.1,165.6,5.17,91.7,137249,51.4,1418.34,607.5,55.59,4.6079998,4.704,-0.0960002,0
1/31/07,203.437,164,5.33,96.9,137477,49.5,1445.94,647.65,57.3,4.84299994,4.96600008,-0.12300014,0
2/28/07,204.226,166.8,5.41,91.3,137558,51.9,1403.17,642.1,62,4.5539999,4.6170001,-0.0630002,0
3/31/07,205.288,169.3,5.3,88.4,137793,50.7,1422.53,663.1,66.03,4.6420002,4.59100008,0.05100012,0
4/30/07,205.904,171.4,5.29,87.1,137842,52.6,1502.39,688,63.19,4.68200016,4.71199989,-0.02999973,0
5/31/07,206.755,173.3,5.28,88.3,137993,52.5,1530.62,670.7,64.01,4.8920002,4.921,-0.0289998,0
6/30/07,207.234,173.8,5.31,85.3,138069,52.6,1505.71,648.9,69.57,5.11000013,4.94999981,0.16000032,0
7/31/07,207.603,175.1,5.28,90.4,138038,52.4,1472.2,672.9,76.86,4.77099991,4.58699989,0.18400002,0
8/31/07,207.667,172.4,4.96,83.4,138015,50.9,1457.64,672.6,73.36,4.51200008,4.10300016,0.40899992,0
9/30/07,208.547,173.5,4.58,83.4,138095,51,1542.84,742.3,81.44,4.51599979,3.98300004,0.53299975,0
10/31/07,209.19,174.7,4.6,80.9,138174,51.1,1508.44,807.1,93.49,4.34800005,3.75999999,0.58800006,0
11/30/07,210.834,179,4.66,76.1,138284,50.5,1469.72,782.8,91.01,3.9289999,3.03200006,0.89699984,0
12/31/07,211.445,178.6,3.06,75.5,138392,49,1447.16,859.4,99.18,3.89400005,2.81500006,1.07899999,0
1/31/08,212.174,181,3.22,78.4,138403,50.3,1378.55,905.4,91.75,3.59699988,2.10899997,1.48799991,0
2/29/08,212.687,182.7,3.01,70.8,138324,47.6,1367.68,973.75,102.59,3.67199993,1.81599998,1.85599995,0
3/31/08,213.448,187.9,2.51,69.5,138275,48.3,1369.31,912.9,103.83,3.5940001,1.91499996,1.67900014,0
4/30/08,213.942,190.9,2.37,62.6,138035,48.8,1409.34,855.45,112.52,3.76900005,2.37899995,1.3900001,0
5/31/08,215.208,196.6,1.98,59.8,137858,48.8,1398.26,885.9,126.62,4.079,2.69000006,1.38899994,0
6/30/08,217.463,200.5,2.47,56.4,137687,49.8,1262.9,932.3,145.29,3.99000001,2.53699994,1.45300007,0
7/31/08,219.016,205.5,2.09,61.2,137491,50,1267.38,909.55,124.08,3.95799994,2.52399993,1.43400001,0
8/31/08,218.69,199,1.94,63,137213,49.2,1236.83,802.8,107.89,3.62800002,2.18499994,1.44300008,0
9/30/08,218.877,196.9,2.03,70.3,136753,44.8,1114.28,834.8,93.97,3.63100004,1.62,2.01100004,0
10/31/08,216.995,186.4,0.22,57.6,136272,38.9,954.09,723.05,65.96,3.97199988,1.56799996,2.40399992,0
11/30/08,213.153,176.8,0.52,55.3,135545,36.5,845.22,754.2,43.67,2.55299997,0.82099998,1.73199999,0
12/31/08,211.398,170.9,0.14,60.1,134839,33.1,903.25,874.3,44.6,2.22000003,0.76800001,1.45200002,0
1/31/09,211.933,171.2,0.23,61.2,134055,34.9,845.14,926.35,41.44,2.86400008,0.97000003,1.89400005,0
2/28/09,212.705,169.3,0.22,56.3,133312,35.5,752.83,944,45.22,3,1.09300005,1.90699995,0
3/31/09,212.495,168.1,0.16,57.3,132512,36,841,891.9,52.31,2.77900004,0.89099997,1.88800007,0
4/30/09,212.709,169.1,0.2,65.1,131817,39.5,877.5,885.8,52.79,3.11899996,0.91100001,2.20799995,0
5/31/09,213.022,170.8,0.19,68.7,131475,41.7,941.7,955.3,68.31,3.71600008,0.963,2.75300008,0
6/30/09,214.79,174.1,0.22,70.8,131008,45.8,897.7,931.5,65.24,3.50200009,0.98500001,2.51700008,0
7/31/09,214.726,172.5,0.18,66,130668,49.9,986.5,953.75,69.09,3.61500001,1.17400002,2.44099999,0
8/31/09,215.445,175,0.15,65.7,130485,53.5,1015.7,993.4,67.77,3.34800005,0.917,2.43100005,0
9/30/09,215.861,174.1,0.07,73.5,130244,54.4,1024.2,1001.35,69.14,3.18099999,0.87300003,2.30799996,0
10/31/09,216.509,175.2,0.11,70.6,130045,56,1047.7,1044.4,78.17,3.49499989,0.98000002,2.51499987,0
11/30/09,217.234,177.4,0.13,67.4,130057,54.4,1112.2,1161.05,76.52,3.37899995,0.72600001,2.65299994,0
12/31/09,217.347,178.1,0.05,72.5,129788,55.3,1121.7,1096.35,79.82,3.83699989,1.14300001,2.69399988,0
1/31/10,217.488,181.9,0.12,74.4,129790,57.2,1062.5,1065.08,72.87,3.6099999,0.80699998,2.80299992,0
2/28/10,217.281,181,0.13,73.6,129698,55.8,1133.4,1134.4,81.52,3.60599995,0.85900003,2.74699992,0
3/31/10,217.353,183.3,0.09,73.6,129879,58.8,1182,1120,85.25,3.86999989,1.05999994,2.80999995,0
4/30/10,217.403,184.4,0.2,72.2,130110,58.1,1186.5,1179.05,85.95,3.73000002,1.00399995,2.72600007,0
5/31/10,217.29,184.8,0.19,73.6,130650,58.3,1063.6,1219,71.1,3.36899996,0.82099998,2.54799998,0
6/30/10,217.199,183.5,0.09,76,130511,56.4,1023.4,1210.6,72.2,2.954,0.63700002,2.31699998,0
7/31/10,217.605,184.1,0.18,67.8,130427,56.4,1102.1,1181.05,78.85,2.98799992,0.58600003,2.40199989,0
8/31/10,217.923,184.9,0.21,68.9,130422,58,1104.6,1246.4,74.33,2.625,0.49700001,2.12799999,0
9/30/10,218.275,184.9,0.15,68.2,130357,56.3,1145.9,1318.75,81.63,2.51200008,0.426,2.08600008,0
10/31/10,219.035,186.6,0.2,67.7,130625,57.7,1225.1,1393.45,87.08,2.49300003,0.33199999,2.16100004,0
11/30/10,219.59,187.7,0.2,71.6,130750,57.6,1224.4,1413.75,89.33,2.99600005,0.54299998,2.45300007,0
12/31/10,220.472,189.7,0.13,74.5,130822,57.5,1257.6,1420.74,90.81,3.3670001,0.64499998,2.72200012,0
1/31/11,221.187,192.7,0.17,74.2,130841,59,1310.4,1348.48,88.84,3.54699993,0.71200001,2.83499992,0
2/28/11,221.898,195.8,0.16,77.5,131053,59.3,1320.9,1430.79,104.71,3.55900002,0.764,2.79500002,0
3/31/11,223.046,199.2,0.1,67.5,131288,59.1,1331.6,1428.49,108.04,3.47000003,0.833,2.63700003,0
4/30/11,224.093,203.1,0.09,69.8,131602,58.9,1362.9,1563,113.65,3.31599998,0.625,2.69099998,0
5/31/11,224.806,204.1,0.1,74.3,131703,53.7,1300.2,1541.5,100.44,3.0309999,0.461,2.5699999,0
6/30/11,224.806,203.9,0.07,71.5,131939,56.6,1339.4,1486.5,94.73,3.16000009,0.465,2.69500009,0
7/31/11,225.395,204.6,0.11,63.7,131999,52.9,1201.1,1662.8,87.03,2.40700006,0.26100001,2.14600005,0
8/31/11,226.106,203.2,0.08,55.8,132125,53,1173.9,1883.1,86.65,2.13199997,0.184,1.94799997,0
9/30/11,226.597,203.7,0.06,59.5,132358,52.8,1132.1,1623.7,78.78,2.00200009,0.26199999,1.7400001,0
10/31/11,226.75,201.1,0.09,60.8,132562,51.8,1251.1,1754.52,94.36,2.07299995,0.242,1.83099995,0
11/30/11,227.169,201.4,0.1,63.7,132694,52.1,1246.4,1747.9,101.01,2.08599997,0.25799999,1.82799998,0
12/31/11,227.223,199.8,0.04,69.9,132896,53.1,1258.4,1564.6,98.95,1.89900005,0.271,1.62800005,0
1/31/12,227.842,200.7,0.11,75,133250,52.8,1343.6,1725.4,97.74,1.82299995,0.226,1.59699995,0
2/29/12,228.329,201.6,0.1,75.3,133512,52.4,1370.9,1712.1,106.58,2.02999997,0.29300001,1.73699996,0
3/31/12,228.807,204.2,0.09,76.2,133752,53,1409.6,1668.13,102.99,2.15899992,0.34,1.81899992,0
4/30/12,229.187,203.7,0.16,76.4,133834,53.7,1365.4,1642,98.49,1.93299997,0.26199999,1.67099998,0
5/31/12,228.713,201.9,0.16,79.3,133934,53.2,1291.6,1624.1,83.93,1.56299996,0.266,1.29699996,0
6/30/12,228.524,199.8,0.09,73.2,134007,51,1364.9,1597.43,84.75,1.58399999,0.30899999,1.275,0
7/31/12,228.59,200.1,0.13,72.3,134159,50.6,1393.1,1601.2,91.34,1.47800004,0.227,1.25100004,0
8/31/12,229.918,202.7,0.13,74.3,134331,51.1,1407.4,1691.4,96.59,1.62800002,0.25799999,1.37000003,0
9/30/12,231.015,204.4,0.09,78.3,134518,52.2,1460.1,1780.3,89.89,1.67299998,0.24600001,1.42699997,0
10/31/12,231.638,203.5,0.18,82.6,134677,51.2,1410.6,1677.4,84.81,1.73000002,0.285,1.44500002,0
11/30/12,231.249,201.8,0.16,82.7,134833,49.5,1416.1,1714.6,88.88,1.62,0.25799999,1.36200001,0
12/31/12,231.221,201.5,0.09,72.9,135072,50.4,1462.9,1655.49,93.08,1.91100001,0.271,1.64000001,0
1/31/13,231.679,202.5,0.15,73.8,135263,52.3,1511.9,1666.66,97.61,1.98500001,0.266,1.71900001,0
2/28/13,232.937,204.3,0.14,77.6,135541,53.1,1518.1,1575.7,90.91,1.88100004,0.23800001,1.64300003,0
3/31/13,232.282,204,0.09,78.6,135680,51.5,1552.1,1581.5,92.98,1.76600003,0.23,1.53600003,0
4/30/13,231.797,203.5,0.14,76.4,135871,50,1613.4,1470.2,95.44,1.62399995,0.2,1.42399995,0
5/31/13,231.893,204.1,0.09,84.5,136093,50,1630.9,1387.81,91.63,2.11899996,0.29699999,1.82199997,0
6/30/13,232.445,204.3,0.07,84.1,136274,52.5,1633.1,1222.93,103.44,2.50320005,0.36320001,2.14000004,0
7/31/13,232.9,204.4,0.09,85.1,136386,54.9,1709.1,1313,106.81,2.70799994,0.329,2.37899994,0
8/31/13,233.456,204.2,0.07,82.1,136628,56.3,1634.4,1395.2,107.58,2.76200008,0.39899999,2.36300009,0
9/30/13,233.544,203.9,0.06,77.5,136815,56,1691.4,1309.9,103.61,2.60500002,0.31299999,2.29200003,0
10/31/13,233.669,202.5,0.07,73.2,137040,56.6,1759.4,1315.2,94.63,2.55200005,0.30899999,2.24300006,0
11/30/13,234.1,201.2,0.07,75.1,137304,57,1806.1,1251.4,93.25,2.74810004,0.28929999,2.45880005,0
12/31/13,234.719,202,0.07,82.5,137373,56.5,1831.4,1236.75,94.15,2.99099994,0.384,2.60699994,0
1/31/14,235.288,203.8,0.07,81.2,137548,51.3,1783.9,1243.94,97.46,2.69700003,0.347,2.35000003,0
2/28/14,235.547,205.7,0.06,81.6,137714,54.3,1862.4,1324.9,102.5,2.63899994,0.32499999,2.31399995,0
3/31/14,236.028,207,0.06,80,137968,54.4,1867.1,1302.7,101.1,2.80100012,0.458,2.34300012,0
4/30/14,236.468,208.3,0.09,84.1,138293,55.3,1880.4,1299.6,99.91,2.61299992,0.41,2.20299992,0
5/31/14,236.918,208,0.08,81.9,138511,55.6,1922.4,1250.5,102.83,2.48,0.37900001,2.10099999,0
6/30/14,237.231,208.3,0.09,82.5,138837,55.7,1982.13,1319.3,103.78,2.647,0.51200002,2.13499998,0
7/31/14,237.498,208,0.08,81.8,139069,56.4,1923.13,1293.8,97.58,2.5,0.53100002,1.96899998,0
8/31/14,237.46,207,0.07,82.5,139257,58.1,2007.63,1268.3,93.5,2.458,0.53600001,1.92199999,0
9/30/14,237.477,206.4,0.07,84.6,139566,56.1,1967.38,1190.85,89.7,2.43,0.53500003,1.89499997,0
10/31/14,237.43,203.4,0.07,86.9,139818,57.9,2016.88,1172.59,80.65,2.34,0.477,1.863,0
11/30/14,236.983,200.9,0.08,88.8,140109,57.6,2076.63,1191.98,65.6,2.31,0.54299998,1.76700002,0
12/31/14,236.252,197,0.06,93.6,140377,55.1,2051.13,1188.43,52.56,2.11,0.6724,1.4376,0
1/31/15,234.747,192,0.06,98.1,140568,53.5,1996.63,1283.09,47.66,1.64,0.51999998,1.12000002,0
2/28/15,235.342,191.1,0.06,95.4,140839,52.9,2106.63,1212.96,49.36,2,0.65399998,1.34600002,0
3/31/15,235.976,191.5,0.06,93,140910,51.5,2047.13,1202.52,49.49,1.84,0.54400003,1.29599997,0
4/30/15,236.222,190.9,0.08,95.9,141194,51.5,2108.13,1178,59.15,2.12,0.57499999,1.54500001,0
5/31/15,237.001,193.4,0.08,90.7,141525,52.8,2094.13,1171.5,58.91,2.41,0.66500002,1.74499998,0
6/30/15,237.657,194.8,0.08,96.1,141699,53.5,2072.63,1168.28,55.59,2.3859,0.63300002,1.75289998,0
7/31/15,238.034,193.9,0.08,93.1,142001,52.7,2107.38,1095.01,46.78,2.18,0.72799999,1.45200001,0
8/31/15,238.033,191.9,0.08,91.9,142126,51.1,1924.1,1121.24,45.76,2.13,0.69599998,1.43400002,0
9/30/15,237.498,189.1,0.07,87.2,142281,50.2,1952.5,1137.52,45.62,1.9948,0.64899999,1.34580001,0
10/31/15,237.733,187.5,0.07,90,142587,49.4,2080.1,1141.59,46.36,2.1441,0.72799999,1.41610001,0
11/30/15,238.017,185.7,0.08,91.3,142824,48.4,2089.9,1085.85,40.11,2.2738,0.95899999,1.31480001,0
12/31/15,237.761,183.5,0.2,92.6,143097,48,2057.9,1061.25,37.5,2.2694,1.05200005,1.21739995,0
1/31/16,237.652,182.6,0.29,92,143205,48.2,1881,1172.98,30.98,1.8374,0.70599997,1.13140003,0
2/29/16,237.336,181.3,0.29,91.7,143417,49.7,1996.7,1258.62,36.14,1.8767,0.84500003,1.03169997,0
3/31/16,238.08,182.1,0.25,91,143654,51.7,2073.38,1221.84,36.659,1.7731,0.72500002,1.04809998,0
4/30/16,238.992,183.2,0.3,89,143851,50.7,2066.68,1292.77,45.98,1.835,0.78899997,1.04600003,0
5/31/16,239.557,185.3,0.29,94.7,143892,51,2099.42,1243.82,48.78,1.7021,0.88300002,0.81909998,0
6/30/16,240.222,187.6,0.3,93.5,144150,52.8,2105,1340.67,49.21,1.4458,0.58600003,0.85979997,0
7/31/16,240.101,187.7,0.3,90,144521,52.3,2181.12,1335.5,41.929,1.5907,0.64700001,0.94369999,0
8/31/16,240.545,186.6,0.3,89.8,144664,49.4,2179.02,1327.2,44.315,1.6054,0.78600001,0.81939999,0
9/30/16,241.176,186.9,0.29,91.2,144953,51.7,2165.58,1315.55,48.035,1.5979,0.73799998,0.85990002,0
10/31/16,241.741,186.7,0.31,87.2,145071,52,2085.05,1303.7,44.075,1.7776,0.80900002,0.96859998,0
11/30/16,242.026,186.3,0.31,93.8,145201,53.5,2192.85,1177.05,51.61,2.3872,1.15100002,1.23619998,0
12/31/16,242.637,188.2,0.55,98.2,145415,54.5,2239.13,1150.62,53.8,2.4503,1.21800005,1.23229995,0
1/31/17,243.618,190.7,0.56,98.5,145628,56,2294.95,1220.2,53.81,2.468,1.20899999,1.25900001,0
2/28/17,244.006,191.6,0.57,96.3,145818,57.6,2381.67,1234.41,53.21,2.4807,1.31200004,1.16869996,0
3/31/17,243.892,191.5,0.82,96.9,145960,56.6,2362.58,1248.78,50.75,2.3901,1.28600001,1.10409999,0
4/30/17,244.193,193,0.83,97,146165,55.3,2401.52,1228.04,46.43,2.3514,1.30999994,1.04140006,0
5/31/17,244.004,192.8,0.83,97.1,146388,55.5,2437.85,1278.77,47.79,2.1608,1.29799998,0.86280002,0
6/30/17,244.163,193.6,1.06,95,146585,56.7,2423.45,1241.33,46.21,2.305,1.37300003,0.93199997,0
7/31/17,244.243,193.5,1.07,93.4,146768,56.5,2473.71,1258.4,49.52,2.2651,1.34300005,0.92209995,0
8/31/17,245.183,193.8,1.07,96.8,146913,59.3,2474.33,1324.65,47.29,2.1687,1.329,0.8397,0
9/30/17,246.435,194.8,1.06,95.1,147012,60.2,2519.1,1279.72,51.57,2.3358,1.45500004,0.88079996,0
10/31/17,246.626,194.9,1.07,100.7,147153,58.5,2585.55,1269.47,55.65,2.3347,1.61199999,0.72270001,0
11/30/17,247.284,195.9,1.07,98.5,147353,58.2,2643.44,1280.05,58.32,2.3642,1.78999996,0.57420004,0
12/31/17,247.805,196.3,1.33,95.9,147529,59.3,2741.97,1319.04,61.52,2.479,1.95599997,0.52300003,0
1/31/18,248.743,197.9,1.34,95.7,147662,59.1,2754.81,1332.5,65.05,2.843,2.16100001,0.68199999,0
2/28/18,249.439,199.3,1.35,99.7,148064,60.7,2690.14,1322.3,61.5,2.8661,2.21799994,0.64810006,0
3/31/18,249.581,199.3,1.67,101.4,148289,59.3,2634.86,1325.03,64.895,2.7389,2.26999998,0.46890002,0
4/30/18,250.146,200.3,1.69,98.8,148468,57.9,2663.85,1314.77,69.775,2.9506,2.48000002,0.47059998,0
5/31/18,250.779,203.2,1.7,98,148801,58.7,2731.64,1292.95,65.71,2.9049,2.43600011,0.46889989,0
6/30/18,251.118,204.2,1.91,98.2,148984,60,2719.4,1252.4,74.285,2.862,2.51600003,0.34599997,0
7/31/18,251.323,204.3,1.91,97.9,149050,58.4,2838.06,1214.4,68.56,2.9497,2.66499996,0.28470004,0
8/31/18,251.749,203.4,1.91,96.2,149269,60.8,2903.25,1201.47,69.875,2.8617,2.65300012,0.20869988,0
9/30/18,252.239,203.6,2.18,100.1,149326,59.5,2889.64,1203.29,74.265,3.2332,2.87199998,0.36120002,0
10/31/18,252.862,204.6,2.2,98.6,149471,57.5,2724.34,1232.53,62.855,3.2145,2.84599996,0.36850004,0
11/30/18,252.657,202.3,2.2,97.5,149573,58.8,2763.38,1222.136,50.555,2.991,2.80900002,0.18199998,0
12/31/18,252.551,201,2.4,98.3,149821,54.3,2530.06,1284.844,48.235,2.67120004,2.49580002,0.17540002,0
1/31/19,252.47,199.1,2.4,91.2,150100,56.6,2705.05,1317.265,55.332,2.68600011,2.5079999,0.17800021,0
2/28/19,253.135,199.2,2.4,93.8,150124,54.1,2803.78,1293.055,55.715,2.75670004,2.55669999,0.20000005,0
3/31/19,254.273,200.8,2.43,98.4,150348,54.6,2892.36,1291.3,63.255,2.49710011,2.3434,0.15370011,0
4/30/19,255.163,202.1,2.45,97.2,150636,53.4,2945.51,1278.9,61.858,2.52679992,2.33500004,0.19179988,0
5/31/19,255.325,201.7,2.4,100,150713,52.3,2751.51,1305.2,53.337,2.13319993,1.92610002,0.20709991,0
6/30/19,255.361,200.3,2.4,98.2,150843,51.6,2986.11,1399.5,57.715,2.03550005,1.86740005,0.1681,0
7/31/19,255.9,200.7,2.4,98.4,150921,51.3,2929,1440.59,55.209,1.84689999,1.71379995,0.13310004,0
8/31/19,256.179,199.2,2.13,89.8,151081,48.8,2920.74,1520.34,55.005,1.49940002,1.50800002,-0.0086,0
9/30/19,256.596,198.4,1.9,93.2,151244,48.2,2950.5,1504.65,52.915,1.53069997,1.40359998,0.12709999,0
10/31/19,257.305,198.6,1.58,95.5,151337,48.5,3064.86,1514.017,56.06,1.71200001,1.55400002,0.15799999,0
11/30/19,257.788,199,1.56,96.8,151589,48.1,3142.72,1463.6,55.22,1.77400005,1.61179996,0.16220009,0
12/31/19,258.263,199,1.55,99.3,151789,47.8,3236.2,1552.108,62.96,1.78980005,1.53059995,0.2592001,0
1/31/20,258.682,199.3,1.59,99.8,152128,50.9,3228.32,1589.687,51.6,1.50510001,1.31719995,0.18790006,0
2/29/20,259.007,196.7,1.58,101,152504,50.3,2977.64,1585.634,45.26,1.154,0.923,0.231,1
3/31/20,258.165,193.1,0.08,89.1,151006,49.7,2490.3,1616.4,28.79,0.601,0.239,0.362,1
4/30/20,256.094,185.5,0.05,71.8,130513,41.7,2829.13,1698.215,19.695,0.62,0.196,0.424,1
5/31/20,255.944,188.6,0.05,72.3,133155,43.1,3188.79,1681.6,39.065,0.898,0.212,0.686,0
6/30/20,257.217,191.2,0.08,78.1,137660,52.2,3125.55,1774.31,40.23,0.6594,0.1487,0.5107,0
7/31/20,258.543,193,0.1,72.5,139048,53.7,3271.79,1974.9,40.44,0.533,0.109,0.424,0
8/31/20,259.58,194.3,0.09,74.1,140713,55.6,3419.53,1932.8,39.424,0.721,0.149,0.572,0
9/30/20,260.19,195.5,0.09,80.4,141632,55.7,3350.1,1898.7,37.008,0.705,0.133,0.572,0
10/31/20,260.352,196.5,0.09,81.8,142279,58.8,3280.84,1877.9,35.72,0.875,0.156,0.719,0
11/30/20,260.721,198.3,0.09,76.9,142612,57.7,3692.2,1838.208,46.11,0.968,0.153,0.815,0
12/31/20,261.564,200.5,0.09,80.7,142497,60.5,3734.51,1897.9,48.181,0.918,0.123,0.795,0
1/31/21,262.2,204.8,0.07,79,143017,58.7,3891.79,1812.98,56.949,1.165,0.105,1.06,0
2/28/21,263.346,210.6,0.07,76.8,143727,60.9,3841.47,1698.636,66.263,1.57,0.141,1.429,0
3/31/21,265.028,215,0.06,84.9,144431,63.7,4039.11,1734.82,61.245,1.6717,0.1585,1.5132,0
4/30/21,266.727,217.9,0.05,88.3,144694,60.6,4189.55,1768.76,63.459,1.6259,0.1643,1.4616,0
5/31/21,268.599,224.9,0.05,82.9,145141,61.6,4227.56,1889.9,69.38,1.557,0.149,1.408,0
6/30/21,270.955,228.9,0.08,85.5,145698,60.9,4351.64,1787.3,75.099,1.431,0.238,1.193,0
7/31/21,272.184,231.85,0.07,81.2,146387,59.9,4403.23,1814.15,73.659,1.226,0.188,1.038,0
8/31/21,273.092,233.415,0.06,70.3,146904,59.7,4535.53,1826.1,69.204,1.326,0.21,1.116,0
9/30/21,274.214,235.678,0.06,72.8,147328,60.5,4360.74,1760.65,75.721,1.465,0.266,1.199,0
10/31/21,276.59,240.465,0.07,71.7,148005,60.8,4692.74,1816.7,81.337,1.455,0.405,1.05,0
11/30/21,278.524,243.287,0.07,67.4,148652,60.6,4534.37,1782.83,66.387,1.346,0.593,0.753,0
12/31/21,280.126,241.338,0.07,70.6,149240,58.8,4785.35,1829.24,75.351,1.514,0.736,0.778,0
1/31/22,281.933,246.453,0.08,67.2,149744,57.6,4493.23,1807.54,91.949,1.912,1.314,0.598,0
2/28/22,284.182,252.66,0.08,62.8,150458,58.6,4324.13,1970.95,114.945,1.736,1.482,0.254,0
3/31/22,287.708,259.969,0.33,59.4,150856,57.1,4544.95,1924.3,99.355,2.386,2.462,-0.076,0
4/30/22,288.663,265.385,0.33,65.2,151224,55.4,4140.45,1895.638,104.327,2.939,2.721,0.218,0
5/31/22,291.474,273.27,0.83,58.4,151608,56.1,4112.15,1851.04,120.337,2.941,2.659,0.282,0
6/30/22,295.328,282.36,1.58,50,151980,53,3824.14,1810.1,108.483,2.889,2.839,0.05,0